title,categoryL1,categoryL2,url,contents
ì·¨ì—… ê·œì¹™,ì¡°ì§ì›ì¹™ ë° ë¦¬ë”ì‹­,ì›ì¹™/ ì² í•™,https://www.notion.so/flexnotion/64092ce439474ec982f6cf88051f40c2?pvs=25,"ERROR: TimeoutError: Page.goto: Timeout 30000ms exceeded.
Call log:
  - navigating to ""https://www.notion.so/flexnotion/64092ce439474ec982f6cf88051f40c2?pvs=25"", waiting until ""networkidle""
 for https://www.notion.so/flexnotion/64092ce439474ec982f6cf88051f40c2?pvs=25"
ë³µì§€ ì² í•™,ì¡°ì§ì›ì¹™ ë° ë¦¬ë”ì‹­,ì›ì¹™/ ì² í•™,https://www.notion.so/flexnotion/11954a0a7a784a06ba79c36e0fb09486?source=copy_link,"ERROR: TimeoutError: Page.goto: Timeout 30000ms exceeded.
Call log:
  - navigating to ""https://www.notion.so/flexnotion/11954a0a7a784a06ba79c36e0fb09486?source=copy_link"", waiting until ""networkidle""
 for https://www.notion.so/flexnotion/11954a0a7a784a06ba79c36e0fb09486?source=copy_link"
ë¹„ìš© ì›ì¹™,ì¡°ì§ì›ì¹™ ë° ë¦¬ë”ì‹­,ì›ì¹™/ ì² í•™,https://www.notion.so/flexnotion/c965905a015c4135b792c2a8fef0d629?source=copy_link,"ERROR: TimeoutError: Page.goto: Timeout 30000ms exceeded.
Call log:
  - navigating to ""https://www.notion.so/flexnotion/c965905a015c4135b792c2a8fef0d629?source=copy_link"", waiting until ""networkidle""
 for https://www.notion.so/flexnotion/c965905a015c4135b792c2a8fef0d629?source=copy_link"
Daily/ Weekly Sync,ì¡°ì§ì›ì¹™ ë° ë¦¬ë”ì‹­,í˜‘ì—… ë°©ì‹,https://www.notion.so/flexnotion/Daily-Weekly-Sync-3a732a4d033c4befb849a5c966aff386?source=copy_link,"ERROR: TimeoutError: Page.goto: Timeout 30000ms exceeded.
Call log:
  - navigating to ""https://www.notion.so/flexnotion/Daily-Weekly-Sync-3a732a4d033c4befb849a5c966aff386?source=copy_link"", waiting until ""networkidle""
 for https://www.notion.so/flexnotion/Daily-Weekly-Sync-3a732a4d033c4befb849a5c966aff386?source=copy_link"
ìˆ˜í‰ ì»¤ë®¤ë‹ˆì¼€ì´ì…˜,ì¡°ì§ì›ì¹™ ë° ë¦¬ë”ì‹­,í˜‘ì—… ë°©ì‹,https://www.notion.so/flexnotion/9e0d68004f454789a2913080a44f767f?pvs=25,"ERROR: TimeoutError: Page.goto: Timeout 30000ms exceeded.
Call log:
  - navigating to ""https://www.notion.so/flexnotion/9e0d68004f454789a2913080a44f767f?pvs=25"", waiting until ""networkidle""
 for https://www.notion.so/flexnotion/9e0d68004f454789a2913080a44f767f?pvs=25"
Alignment,ì¡°ì§ì›ì¹™ ë° ë¦¬ë”ì‹­,í˜‘ì—… ë°©ì‹,https://www.notion.so/flexnotion/Alignment-5de7c501a37a49f084fd06f18cf67dac?source=copy_link,"ERROR: TimeoutError: Page.goto: Timeout 30000ms exceeded.
Call log:
  - navigating to ""https://www.notion.so/flexnotion/Alignment-5de7c501a37a49f084fd06f18cf67dac?source=copy_link"", waiting until ""networkidle""
 for https://www.notion.so/flexnotion/Alignment-5de7c501a37a49f084fd06f18cf67dac?source=copy_link"
Recruiting Process (ì±„ìš© í”„ë¡œì„¸ìŠ¤),êµ¬ì„±ì› ì—¬ì •,ì±„ìš©,https://www.notion.so/flexnotion/Recruiting-Process-8e2af535360d4a64a010d964ba12cb0e?source=copy_link,"ERROR: TimeoutError: Page.goto: Timeout 30000ms exceeded.
Call log:
  - navigating to ""https://www.notion.so/flexnotion/Recruiting-Process-8e2af535360d4a64a010d964ba12cb0e?source=copy_link"", waiting until ""networkidle""
 for https://www.notion.so/flexnotion/Recruiting-Process-8e2af535360d4a64a010d964ba12cb0e?source=copy_link"
flex Mate (ì‚¬ë‚´ì¶”ì²œ),êµ¬ì„±ì› ì—¬ì •,ì±„ìš©,https://www.notion.so/flexnotion/flex-Mate-d74863074bf24490955ed2ce83ebf07d?pvs=25,"ERROR: TimeoutError: Page.goto: Timeout 30000ms exceeded.
Call log:
  - navigating to ""https://www.notion.so/flexnotion/flex-Mate-d74863074bf24490955ed2ce83ebf07d?pvs=25"", waiting until ""networkidle""
 for https://www.notion.so/flexnotion/flex-Mate-d74863074bf24490955ed2ce83ebf07d?pvs=25"
ë¦¬í¬ë£¨íŒ… ì‹ì‚¬ ë¹„ìš© ì§€ì›,êµ¬ì„±ì› ì—¬ì •,ì±„ìš©,https://www.notion.so/flexnotion/f33cc45e346743dd9dd24a64770385fc?source=copy_link,"ERROR: TimeoutError: Page.goto: Timeout 30000ms exceeded.
Call log:
  - navigating to ""https://www.notion.so/flexnotion/f33cc45e346743dd9dd24a64770385fc?source=copy_link"", waiting until ""networkidle""
 for https://www.notion.so/flexnotion/f33cc45e346743dd9dd24a64770385fc?source=copy_link"
ì˜¨ë³´ë”© í”„ë¡œì„¸ìŠ¤ ì•ˆë‚´,êµ¬ì„±ì› ì—¬ì •,ì˜¨ë³´ë”©,https://www.notion.so/flexnotion/52188e60f8c844289e27a1c85a843085?source=copy_link,"ERROR: TimeoutError: Page.goto: Timeout 30000ms exceeded.
Call log:
  - navigating to ""https://www.notion.so/flexnotion/52188e60f8c844289e27a1c85a843085?source=copy_link"", waiting until ""networkidle""
 for https://www.notion.so/flexnotion/52188e60f8c844289e27a1c85a843085?source=copy_link"
Tea time w. í•´ë‚¨ë‹˜,êµ¬ì„±ì› ì—¬ì •,ì˜¨ë³´ë”©,https://www.notion.so/flexnotion/Tea-time-w-24727bd448d24fd29805260791490581?source=copy_link,"ERROR: TimeoutError: Page.goto: Timeout 30000ms exceeded.
Call log:
  - navigating to ""https://www.notion.so/flexnotion/Tea-time-w-24727bd448d24fd29805260791490581?source=copy_link"", waiting until ""networkidle""
 for https://www.notion.so/flexnotion/Tea-time-w-24727bd448d24fd29805260791490581?source=copy_link"
Product ì„¸ì…˜,êµ¬ì„±ì› ì—¬ì •,ì˜¨ë³´ë”©,https://www.notion.so/flexnotion/Product-96972f032173475c822fc82a8b8c533c?source=copy_link,"ERROR: TimeoutError: Page.goto: Timeout 30000ms exceeded.
Call log:
  - navigating to ""https://www.notion.so/flexnotion/Product-96972f032173475c822fc82a8b8c533c?source=copy_link"", waiting until ""networkidle""
 for https://www.notion.so/flexnotion/Product-96972f032173475c822fc82a8b8c533c?source=copy_link"
5W Onboarding Feedback Survey,êµ¬ì„±ì› ì—¬ì •,ì˜¨ë³´ë”©,https://www.notion.so/flexnotion/5W-Onboarding-Feedback-Survey-86ea8b521c5a4452ab2e31954e36e33a?source=copy_link,"ERROR: TimeoutError: Page.goto: Timeout 30000ms exceeded.
Call log:
  - navigating to ""https://www.notion.so/flexnotion/5W-Onboarding-Feedback-Survey-86ea8b521c5a4452ab2e31954e36e33a?source=copy_link"", waiting until ""networkidle""
 for https://www.notion.so/flexnotion/5W-Onboarding-Feedback-Survey-86ea8b521c5a4452ab2e31954e36e33a?source=copy_link"
Onboarding êµ¬ì„±ì› ê°€ì´ë“œ (ë¬¸ì„œ),êµ¬ì„±ì› ì—¬ì •,ì˜¨ë³´ë”©,https://www.notion.so/flexnotion/2aa9646c6a2547db917732a51907e7fe?v=48826d2ec3a3488db89f0384e36c7812&source=copy_link,"ERROR: TimeoutError: Page.goto: Timeout 30000ms exceeded.
Call log:
  - navigating to ""https://www.notion.so/flexnotion/2aa9646c6a2547db917732a51907e7fe?v=48826d2ec3a3488db89f0384e36c7812&source=copy_link"", waiting until ""networkidle""
 for https://www.notion.so/flexnotion/2aa9646c6a2547db917732a51907e7fe?v=48826d2ec3a3488db89f0384e36c7812&source=copy_link"
ê·¼ë¬´/íœ´ê²Œì‹œê°„,ê·¼ë¬´í™˜ê²½ ë° ì œë„,ê·¼ë¬´ ì œë„,https://www.notion.so/flexnotion/b2a3dd6b52ef4f0ea4f92eb6faa13136?source=copy_link,"ERROR: TimeoutError: Page.goto: Timeout 30000ms exceeded.
Call log:
  - navigating to ""https://www.notion.so/flexnotion/b2a3dd6b52ef4f0ea4f92eb6faa13136?source=copy_link"", waiting until ""networkidle""
 for https://www.notion.so/flexnotion/b2a3dd6b52ef4f0ea4f92eb6faa13136?source=copy_link"
ì›ê²©ê·¼ë¬´,ê·¼ë¬´í™˜ê²½ ë° ì œë„,ê·¼ë¬´ ì œë„,https://www.notion.so/flexnotion/3cff2ccc7f404b8eaf46f619813eee94?source=copy_link,"ERROR: TimeoutError: Page.goto: Timeout 30000ms exceeded.
Call log:
  - navigating to ""https://www.notion.so/flexnotion/3cff2ccc7f404b8eaf46f619813eee94?source=copy_link"", waiting until ""networkidle""
 for https://www.notion.so/flexnotion/3cff2ccc7f404b8eaf46f619813eee94?source=copy_link"
ì™¸ê·¼,ê·¼ë¬´í™˜ê²½ ë° ì œë„,ê·¼ë¬´ ì œë„,https://www.notion.so/flexnotion/0a7a43441ccb473e8582b25cc1861824?pvs=25,"ERROR: TimeoutError: Page.goto: Timeout 30000ms exceeded.
Call log:
  - navigating to ""https://www.notion.so/flexnotion/0a7a43441ccb473e8582b25cc1861824?pvs=25"", waiting until ""networkidle""
 for https://www.notion.so/flexnotion/0a7a43441ccb473e8582b25cc1861824?pvs=25"
íœ´ê°€,ê·¼ë¬´í™˜ê²½ ë° ì œë„,ê·¼ë¬´ ì œë„,https://www.notion.so/flexnotion/994a897ce55a4092b5a39d961be8d3a2?pvs=25,"ERROR: TimeoutError: Page.goto: Timeout 30000ms exceeded.
Call log:
  - navigating to ""https://www.notion.so/flexnotion/994a897ce55a4092b5a39d961be8d3a2?pvs=25"", waiting until ""networkidle""
 for https://www.notion.so/flexnotion/994a897ce55a4092b5a39d961be8d3a2?pvs=25"
Health Check,ì¡°ì§ì›ì¹™ ë° ë¦¬ë”ì‹­,ë¬¸í™”/ íŒ€ë¹Œë”©,https://www.notion.so/flexnotion/Health-Check-c994ba064459402a85d36b9cdcc973d7?pvs=25,"ERROR: TimeoutError: Page.goto: Timeout 30000ms exceeded.
Call log:
  - navigating to ""https://www.notion.so/flexnotion/Health-Check-c994ba064459402a85d36b9cdcc973d7?pvs=25"", waiting until ""networkidle""
 for https://www.notion.so/flexnotion/Health-Check-c994ba064459402a85d36b9cdcc973d7?pvs=25"
Nì£¼ë…„ ì„¸ì…˜,ì¡°ì§ì›ì¹™ ë° ë¦¬ë”ì‹­,ë¬¸í™”/ íŒ€ë¹Œë”©,https://www.notion.so/flexnotion/N-0b6f1ab2b7044ef98acff118c11cf32f?pvs=25,"ERROR: TimeoutError: Page.goto: Timeout 30000ms exceeded.
Call log:
  - navigating to ""https://www.notion.so/flexnotion/N-0b6f1ab2b7044ef98acff118c11cf32f?pvs=25"", waiting until ""networkidle""
 for https://www.notion.so/flexnotion/N-0b6f1ab2b7044ef98acff118c11cf32f?pvs=25"
flex Story Session,ì¡°ì§ì›ì¹™ ë° ë¦¬ë”ì‹­,ë¬¸í™”/ íŒ€ë¹Œë”©,https://www.notion.so/flexnotion/flex-Story-Session-c619ae6acf5e4d5d8fd59beca8b8fca7?pvs=25,"ERROR: TimeoutError: Page.goto: Timeout 30000ms exceeded.
Call log:
  - navigating to ""https://www.notion.so/flexnotion/flex-Story-Session-c619ae6acf5e4d5d8fd59beca8b8fca7?pvs=25"", waiting until ""networkidle""
 for https://www.notion.so/flexnotion/flex-Story-Session-c619ae6acf5e4d5d8fd59beca8b8fca7?pvs=25"
í•´í”¼ë°€,ì¡°ì§ì›ì¹™ ë° ë¦¬ë”ì‹­,ë¬¸í™”/ íŒ€ë¹Œë”©,https://www.notion.so/flexnotion/8c727fbdc31e4890b08ced898269aea4?pvs=25,"ERROR: TimeoutError: Page.goto: Timeout 30000ms exceeded.
Call log:
  - navigating to ""https://www.notion.so/flexnotion/8c727fbdc31e4890b08ced898269aea4?pvs=25"", waiting until ""networkidle""
 for https://www.notion.so/flexnotion/8c727fbdc31e4890b08ced898269aea4?pvs=25"
íšŒì‹ ë¬¸í™”,ì¡°ì§ì›ì¹™ ë° ë¦¬ë”ì‹­,ë¬¸í™”/ íŒ€ë¹Œë”©,https://www.notion.so/flexnotion/d1cd54624ad6415094b30ba6637fc970?pvs=25,"ERROR: TimeoutError: Page.goto: Timeout 30000ms exceeded.
Call log:
  - navigating to ""https://www.notion.so/flexnotion/d1cd54624ad6415094b30ba6637fc970?pvs=25"", waiting until ""networkidle""
 for https://www.notion.so/flexnotion/d1cd54624ad6415094b30ba6637fc970?pvs=25"
ë„ˆë‚˜ë“¤ì´,ì¡°ì§ì›ì¹™ ë° ë¦¬ë”ì‹­,ë¬¸í™”/ íŒ€ë¹Œë”©,https://www.notion.so/flexnotion/5ca5100b4a844c848eabe3d2ef9dd976?pvs=25,"ERROR: TimeoutError: Page.goto: Timeout 30000ms exceeded.
Call log:
  - navigating to ""https://www.notion.so/flexnotion/5ca5100b4a844c848eabe3d2ef9dd976?pvs=25"", waiting until ""networkidle""
 for https://www.notion.so/flexnotion/5ca5100b4a844c848eabe3d2ef9dd976?pvs=25"
ì‚¬ë‚´ ì˜¤í”„ë¼ì¸ Sig ëª¨ì„ ì§€ì›,ì¡°ì§ì›ì¹™ ë° ë¦¬ë”ì‹­,ë¬¸í™”/ íŒ€ë¹Œë”©,https://www.notion.so/flexnotion/Sig-a232ac3911df45ea96135f4d4c7c559a?pvs=25,"ERROR: TimeoutError: Page.goto: Timeout 30000ms exceeded.
Call log:
  - navigating to ""https://www.notion.so/flexnotion/Sig-a232ac3911df45ea96135f4d4c7c559a?pvs=25"", waiting until ""networkidle""
 for https://www.notion.so/flexnotion/Sig-a232ac3911df45ea96135f4d4c7c559a?pvs=25"
[Live Q&A] Hey Nam! Why?,ì¡°ì§ì›ì¹™ ë° ë¦¬ë”ì‹­,ë¬¸í™”/ íŒ€ë¹Œë”©,https://www.notion.so/flexnotion/Live-Q-A-Hey-Nam-Why-1e50592a4a9280089a83f8d0896458cc?pvs=25,"ERROR: TimeoutError: Page.goto: Timeout 30000ms exceeded.
Call log:
  - navigating to ""https://www.notion.so/flexnotion/Live-Q-A-Hey-Nam-Why-1e50592a4a9280089a83f8d0896458cc?pvs=25"", waiting until ""networkidle""
 for https://www.notion.so/flexnotion/Live-Q-A-Hey-Nam-Why-1e50592a4a9280089a83f8d0896458cc?pvs=25"
ì˜¤í”¼ìŠ¤ ë§µ ì†Œê°œ,ê·¼ë¬´í™˜ê²½ ë° ì œë„,ì˜¤í”¼ìŠ¤,https://www.notion.so/flexnotion/889b4b6195ff4e72bb79874c60782b31?pvs=25,"ERROR: TimeoutError: Page.goto: Timeout 30000ms exceeded.
Call log:
  - navigating to ""https://www.notion.so/flexnotion/889b4b6195ff4e72bb79874c60782b31?pvs=25"", waiting until ""networkidle""
 for https://www.notion.so/flexnotion/889b4b6195ff4e72bb79874c60782b31?pvs=25"
7ì¸µ ê³µê°„ ì´ìš© ì•ˆë‚´,ê·¼ë¬´í™˜ê²½ ë° ì œë„,ì˜¤í”¼ìŠ¤,https://www.notion.so/flexnotion/7-540c96b131934214912534997f5fda8a?pvs=25,"ERROR: TimeoutError: Page.goto: Timeout 30000ms exceeded.
Call log:
  - navigating to ""https://www.notion.so/flexnotion/7-540c96b131934214912534997f5fda8a?pvs=25"", waiting until ""networkidle""
 for https://www.notion.so/flexnotion/7-540c96b131934214912534997f5fda8a?pvs=25"
8ì¸µ ê³µê°„ ì´ìš© ì•ˆë‚´,ê·¼ë¬´í™˜ê²½ ë° ì œë„,ì˜¤í”¼ìŠ¤,https://www.notion.so/flexnotion/8-a974b73e3c9c42cfa558efcb7883f618?pvs=25,"ERROR: TimeoutError: Page.goto: Timeout 30000ms exceeded.
Call log:
  - navigating to ""https://www.notion.so/flexnotion/8-a974b73e3c9c42cfa558efcb7883f618?pvs=25"", waiting until ""networkidle""
 for https://www.notion.so/flexnotion/8-a974b73e3c9c42cfa558efcb7883f618?pvs=25"
ê±´ë¬¼ ë‚´ ì´ë™,ê·¼ë¬´í™˜ê²½ ë° ì œë„,ì˜¤í”¼ìŠ¤,https://www.notion.so/flexnotion/1b49ceb6364a4542b7c0c3213fc4c924?pvs=25,"ERROR: TimeoutError: Page.goto: Timeout 30000ms exceeded.
Call log:
  - navigating to ""https://www.notion.so/flexnotion/1b49ceb6364a4542b7c0c3213fc4c924?pvs=25"", waiting until ""networkidle""
 for https://www.notion.so/flexnotion/1b49ceb6364a4542b7c0c3213fc4c924?pvs=25"
flex lounge ì´ìš© ì•ˆë‚´,ê·¼ë¬´í™˜ê²½ ë° ì œë„,ì˜¤í”¼ìŠ¤,https://www.notion.so/flexnotion/flex-lounge-728b0e28c86c49f989053efe4a25b43d?pvs=25,"ERROR: TimeoutError: Page.goto: Timeout 30000ms exceeded.
Call log:
  - navigating to ""https://www.notion.so/flexnotion/flex-lounge-728b0e28c86c49f989053efe4a25b43d?pvs=25"", waiting until ""networkidle""
 for https://www.notion.so/flexnotion/flex-lounge-728b0e28c86c49f989053efe4a25b43d?pvs=25"
7F ëƒ‰ì¥ê³  ìš´ì˜ì•ˆë‚´,ê·¼ë¬´í™˜ê²½ ë° ì œë„,ì˜¤í”¼ìŠ¤,https://www.notion.so/flexnotion/7F-ce79fba06d314e6b8a801c93b03b8bbd?pvs=25,"ERROR: TimeoutError: Page.goto: Timeout 30000ms exceeded.
Call log:
  - navigating to ""https://www.notion.so/flexnotion/7F-ce79fba06d314e6b8a801c93b03b8bbd?pvs=25"", waiting until ""networkidle""
 for https://www.notion.so/flexnotion/7F-ce79fba06d314e6b8a801c93b03b8bbd?pvs=25"
ëƒ‰/ë‚œë°©ê¸° ì œì–´ ì•ˆë‚´,ê·¼ë¬´í™˜ê²½ ë° ì œë„,ì˜¤í”¼ìŠ¤,https://www.notion.so/flexnotion/2390ba4215964ecfa76b9dd9e06cf59c?pvs=25,"ERROR: TimeoutError: Page.goto: Timeout 30000ms exceeded.
Call log:
  - navigating to ""https://www.notion.so/flexnotion/2390ba4215964ecfa76b9dd9e06cf59c?pvs=25"", waiting until ""networkidle""
 for https://www.notion.so/flexnotion/2390ba4215964ecfa76b9dd9e06cf59c?pvs=25"
íšŒì˜ì‹¤ ì‚¬ìš© ê°€ì´ë“œ,ê·¼ë¬´í™˜ê²½ ë° ì œë„,ì˜¤í”¼ìŠ¤,https://www.notion.so/flexnotion/9b5903dcb33e4001bc0660035af26b9c?pvs=25,"ERROR: TimeoutError: Page.goto: Timeout 30000ms exceeded.
Call log:
  - navigating to ""https://www.notion.so/flexnotion/9b5903dcb33e4001bc0660035af26b9c?pvs=25"", waiting until ""networkidle""
 for https://www.notion.so/flexnotion/9b5903dcb33e4001bc0660035af26b9c?pvs=25"
ì‹ì‚¬ ì§€ì› ì•ˆë‚´,ì§€ì› ì œë„,ìƒí™œ ì§€ì›,https://www.notion.so/flexnotion/185d3cf2fd6d4aaea200cc6893e39ee4?source=copy_link,"ERROR: TimeoutError: Page.goto: Timeout 30000ms exceeded.
Call log:
  - navigating to ""https://www.notion.so/flexnotion/185d3cf2fd6d4aaea200cc6893e39ee4?source=copy_link"", waiting until ""networkidle""
 for https://www.notion.so/flexnotion/185d3cf2fd6d4aaea200cc6893e39ee4?source=copy_link"
êµ¬ì„±ì› ì£¼ì°¨ ì§€ì› ì•ˆë‚´,ì§€ì› ì œë„,ìƒí™œ ì§€ì›,https://www.notion.so/flexnotion/96ba5ecffc38403c9bb689452a13be71?source=copy_link,"ERROR: TimeoutError: Page.goto: Timeout 30000ms exceeded.
Call log:
  - navigating to ""https://www.notion.so/flexnotion/96ba5ecffc38403c9bb689452a13be71?source=copy_link"", waiting until ""networkidle""
 for https://www.notion.so/flexnotion/96ba5ecffc38403c9bb689452a13be71?source=copy_link"
ëŒ€ì¶œ ì´ì ì§€ì› ì•ˆë‚´,ì§€ì› ì œë„,ìƒí™œ ì§€ì›,https://www.notion.so/flexnotion/35d8424dd3be4845a1fb88c3615f27ae?source=copy_link,"ERROR: TimeoutError: Page.goto: Timeout 30000ms exceeded.
Call log:
  - navigating to ""https://www.notion.so/flexnotion/35d8424dd3be4845a1fb88c3615f27ae?source=copy_link"", waiting until ""networkidle""
 for https://www.notion.so/flexnotion/35d8424dd3be4845a1fb88c3615f27ae?source=copy_link"
ì¦ëª…ì„œ ë°œê¸‰ ì•ˆë‚´,ì§€ì› ì œë„,ìƒí™œ ì§€ì›,https://www.notion.so/flexnotion/0aa36cca15f4479899ea6f71fc14b163?source=copy_link,"ERROR: TimeoutError: Page.goto: Timeout 30000ms exceeded.
Call log:
  - navigating to ""https://www.notion.so/flexnotion/0aa36cca15f4479899ea6f71fc14b163?source=copy_link"", waiting until ""networkidle""
 for https://www.notion.so/flexnotion/0aa36cca15f4479899ea6f71fc14b163?source=copy_link"
ì¶œí‡´ê·¼ êµí†µë¹„ ì§€ì› ì•ˆë‚´,ì§€ì› ì œë„,ìƒí™œ ì§€ì›,https://www.notion.so/flexnotion/81dc7725f11f4e7e8e2a16ab692b039e?pvs=25,"ERROR: TimeoutError: Page.goto: Timeout 30000ms exceeded.
Call log:
  - navigating to ""https://www.notion.so/flexnotion/81dc7725f11f4e7e8e2a16ab692b039e?pvs=25"", waiting until ""networkidle""
 for https://www.notion.so/flexnotion/81dc7725f11f4e7e8e2a16ab692b039e?pvs=25"
ê·¸ë¼ìš´ë“œ í”¼íŠ¸ë‹ˆìŠ¤ (ìš´ë™) ì§€ì› ì•ˆë‚´,ì§€ì› ì œë„,ìƒí™œ ì§€ì›,https://www.notion.so/flexnotion/d6212ed51d1d4eb382b2d50d13578534?pvs=25,"ERROR: TimeoutError: Page.goto: Timeout 30000ms exceeded.
Call log:
  - navigating to ""https://www.notion.so/flexnotion/d6212ed51d1d4eb382b2d50d13578534?pvs=25"", waiting until ""networkidle""
 for https://www.notion.so/flexnotion/d6212ed51d1d4eb382b2d50d13578534?pvs=25"
ê±´ê°•ê²€ì§„ ì•ˆë‚´,ì§€ì› ì œë„,ìƒí™œ ì§€ì›,https://www.notion.so/flexnotion/27e18fec60594476adc3fd6c864d21f6?pvs=25,"ERROR: TimeoutError: Page.goto: Timeout 30000ms exceeded.
Call log:
  - navigating to ""https://www.notion.so/flexnotion/27e18fec60594476adc3fd6c864d21f6?pvs=25"", waiting until ""networkidle""
 for https://www.notion.so/flexnotion/27e18fec60594476adc3fd6c864d21f6?pvs=25"
6ì„¸ ì´í•˜ ìë…€ ë¹„ê³¼ì„¸ ì‹ ì²­,ì§€ì› ì œë„,ìƒí™œ ì§€ì›,https://www.notion.so/flexnotion/6-c18cd85b353745589d5654f708a6211d?pvs=25,"ERROR: TimeoutError: Page.goto: Timeout 30000ms exceeded.
Call log:
  - navigating to ""https://www.notion.so/flexnotion/6-c18cd85b353745589d5654f708a6211d?pvs=25"", waiting until ""networkidle""
 for https://www.notion.so/flexnotion/6-c18cd85b353745589d5654f708a6211d?pvs=25"
ì°¨ëŸ‰ìœ ì§€ ë¹„ê³¼ì„¸ ì‹ ì²­,ì§€ì› ì œë„,ìƒí™œ ì§€ì›,https://www.notion.so/flexnotion/0b62efe5aec14870a12bb32feede0814?pvs=25,"ERROR: TimeoutError: Page.goto: Timeout 30000ms exceeded.
Call log:
  - navigating to ""https://www.notion.so/flexnotion/0b62efe5aec14870a12bb32feede0814?pvs=25"", waiting until ""networkidle""
 for https://www.notion.so/flexnotion/0b62efe5aec14870a12bb32feede0814?pvs=25"
ê²½ì¡°ë¬¼í’ˆì§€ì›,ì§€ì› ì œë„,ìƒí™œ ì§€ì›,https://www.notion.so/flexnotion/5aa20df13c7044dd84bac003a2a0d9d0?pvs=25,"ERROR: TimeoutError: Page.goto: Timeout 30000ms exceeded.
Call log:
  - navigating to ""https://www.notion.so/flexnotion/5aa20df13c7044dd84bac003a2a0d9d0?pvs=25"", waiting until ""networkidle""
 for https://www.notion.so/flexnotion/5aa20df13c7044dd84bac003a2a0d9d0?pvs=25"
ìƒì¼ ì§€ì›,ì§€ì› ì œë„,ìƒí™œ ì§€ì›,https://www.notion.so/flexnotion/5e0c5898cc5b42f2a20f60cb14722af7?pvs=25,"ERROR: TimeoutError: Page.goto: Timeout 30000ms exceeded.
Call log:
  - navigating to ""https://www.notion.so/flexnotion/5e0c5898cc5b42f2a20f60cb14722af7?pvs=25"", waiting until ""networkidle""
 for https://www.notion.so/flexnotion/5e0c5898cc5b42f2a20f60cb14722af7?pvs=25"
ê±´ê°•ë³´í—˜ í”¼ë¶€ì–‘ì ì¶”ê°€ ë“±ë¡,ì§€ì› ì œë„,ìƒí™œ ì§€ì›,https://www.notion.so/flexnotion/ac3bf28617504315978deae94204e289?pvs=25,"ERROR: TimeoutError: Page.goto: Timeout 30000ms exceeded.
Call log:
  - navigating to ""https://www.notion.so/flexnotion/ac3bf28617504315978deae94204e289?pvs=25"", waiting until ""networkidle""
 for https://www.notion.so/flexnotion/ac3bf28617504315978deae94204e289?pvs=25"
í—¬ìŠ¤í‚¤í•‘ë£¸(ì•ˆë§ˆì‹¤) ìš´ì˜,ì§€ì› ì œë„,ìƒí™œ ì§€ì›,https://www.notion.so/flexnotion/5218d5a42236442185850efb49908474?pvs=25,"ERROR: TimeoutError: Page.goto: Timeout 30000ms exceeded.
Call log:
  - navigating to ""https://www.notion.so/flexnotion/5218d5a42236442185850efb49908474?pvs=25"", waiting until ""networkidle""
 for https://www.notion.so/flexnotion/5218d5a42236442185850efb49908474?pvs=25"
ë²•ì¸ì¹´ë“œ ì´ìš© ì•ˆë‚´,ì§€ì› ì œë„,ìƒí™œ ì§€ì›,https://www.notion.so/flexnotion/1fc0592a4a9280979dd7d4a5f314a4ec?pvs=25,"ERROR: TimeoutError: Page.goto: Timeout 30000ms exceeded.
Call log:
  - navigating to ""https://www.notion.so/flexnotion/1fc0592a4a9280979dd7d4a5f314a4ec?pvs=25"", waiting until ""networkidle""
 for https://www.notion.so/flexnotion/1fc0592a4a9280979dd7d4a5f314a4ec?pvs=25"
ë‹¨ì²´ ìƒíƒœ ë³´í—˜ ì•ˆë‚´,ì§€ì› ì œë„,ìƒí™œ ì§€ì›,https://www.notion.so/flexnotion/11291aaeedc246ac83386ead053aa4cd,"ERROR: TimeoutError: Page.goto: Timeout 30000ms exceeded.
Call log:
  - navigating to ""https://www.notion.so/flexnotion/11291aaeedc246ac83386ead053aa4cd"", waiting until ""networkidle""
 for https://www.notion.so/flexnotion/11291aaeedc246ac83386ead053aa4cd"
[IT] ì§ë¬´ ë³„ ì§€ê¸‰ìì‚°(PC) ê¸°ì¤€,ì§€ì› ì œë„,ì—…ë¬´ ì§€ì›,https://www.notion.so/flexnotion/IT-PC-1200592a4a92801d8ed1caa547e9f722?source=copy_link,"ERROR: TimeoutError: Page.goto: Timeout 30000ms exceeded.
Call log:
  - navigating to ""https://www.notion.so/flexnotion/IT-PC-1200592a4a92801d8ed1caa547e9f722?source=copy_link"", waiting until ""networkidle""
 for https://www.notion.so/flexnotion/IT-PC-1200592a4a92801d8ed1caa547e9f722?source=copy_link"
"[IT] ì—…ë¬´ìì‚°(PC, ëª¨ë‹ˆí„°) ì†, ë§ì‹¤ ì²˜ë¦¬",ì§€ì› ì œë„,ì—…ë¬´ ì§€ì›,https://www.notion.so/flexnotion/IT-PC-544cac6c513946a9946da445bf2042f0?source=copy_link,"ERROR: TimeoutError: Page.goto: Timeout 30000ms exceeded.
Call log:
  - navigating to ""https://www.notion.so/flexnotion/IT-PC-544cac6c513946a9946da445bf2042f0?source=copy_link"", waiting until ""networkidle""
 for https://www.notion.so/flexnotion/IT-PC-544cac6c513946a9946da445bf2042f0?source=copy_link"
"[IT] Device Trust (ì¸ì¦, ë“±ë¡) ê°€ì´ë“œ",ì§€ì› ì œë„,ì—…ë¬´ ì§€ì›,https://www.notion.so/flexnotion/IT-Device-Trust-ff49798f4c614c8aa79a962c4da13c97?source=copy_link,"ERROR: TimeoutError: Page.goto: Timeout 30000ms exceeded.
Call log:
  - navigating to ""https://www.notion.so/flexnotion/IT-Device-Trust-ff49798f4c614c8aa79a962c4da13c97?source=copy_link"", waiting until ""networkidle""
 for https://www.notion.so/flexnotion/IT-Device-Trust-ff49798f4c614c8aa79a962c4da13c97?source=copy_link"
"[IT] ê°œì¸ì •ë³´íŒŒì¼ ì²˜ë¦¬ë°©ë²• (ì•”í˜¸í™”, ì˜ˆì™¸ì²˜ë¦¬)",ì§€ì› ì œë„,ì—…ë¬´ ì§€ì›,https://www.notion.so/flexnotion/IT-a510541134e3409082f6dd94437d8256?source=copy_link,"ERROR: TimeoutError: Page.goto: Timeout 30000ms exceeded.
Call log:
  - navigating to ""https://www.notion.so/flexnotion/IT-a510541134e3409082f6dd94437d8256?source=copy_link"", waiting until ""networkidle""
 for https://www.notion.so/flexnotion/IT-a510541134e3409082f6dd94437d8256?source=copy_link"
"ì™¸ë¶€ì¸ì› ê°€ì´ë“œ(ì¶œì…, ì£¼ì°¨ì§€ì›)",ì§€ì› ì œë„,ì—…ë¬´ ì§€ì›,https://www.notion.so/flexnotion/dc2b82d0db10400c9778d0c6df883d24?pvs=25,"ERROR: TimeoutError: Page.goto: Timeout 30000ms exceeded.
Call log:
  - navigating to ""https://www.notion.so/flexnotion/dc2b82d0db10400c9778d0c6df883d24?pvs=25"", waiting until ""networkidle""
 for https://www.notion.so/flexnotion/dc2b82d0db10400c9778d0c6df883d24?pvs=25"
ê³ ê°ì‚¬ ì£¼ì°¨ ì§€ì› ì•ˆë‚´,ì§€ì› ì œë„,ì—…ë¬´ ì§€ì›,https://www.notion.so/flexnotion/1d80592a4a92806cabe9e0d4d4899830?pvs=25,"ERROR: TimeoutError: Page.goto: Timeout 30000ms exceeded.
Call log:
  - navigating to ""https://www.notion.so/flexnotion/1d80592a4a92806cabe9e0d4d4899830?pvs=25"", waiting until ""networkidle""
 for https://www.notion.so/flexnotion/1d80592a4a92806cabe9e0d4d4899830?pvs=25"
ìº¡ìŠ¤ ì§€ë¬¸(ë“±ë¡/ì‚­ì œ) ì‹ ì²­ ë°©ë²•,ì§€ì› ì œë„,ì—…ë¬´ ì§€ì›,https://www.notion.so/flexnotion/3f899df6560b4853aadb5052514bc640?source=copy_link,"ERROR: TimeoutError: Page.goto: Timeout 30000ms exceeded.
Call log:
  - navigating to ""https://www.notion.so/flexnotion/3f899df6560b4853aadb5052514bc640?source=copy_link"", waiting until ""networkidle""
 for https://www.notion.so/flexnotion/3f899df6560b4853aadb5052514bc640?source=copy_link"
VPN (Forticlient) ì‚¬ìš© ë°©ë²•,ì§€ì› ì œë„,ì—…ë¬´ ì§€ì›,https://www.notion.so/flexnotion/VPN-Forticlient-689c2a831ecf481c97449600f8cd2b06?source=copy_link,"ERROR: TimeoutError: Page.goto: Timeout 30000ms exceeded.
Call log:
  - navigating to ""https://www.notion.so/flexnotion/VPN-Forticlient-689c2a831ecf481c97449600f8cd2b06?source=copy_link"", waiting until ""networkidle""
 for https://www.notion.so/flexnotion/VPN-Forticlient-689c2a831ecf481c97449600f8cd2b06?source=copy_link"
"[Windows] êµ¬ê¸€ë°‹ - ë§ˆì´í¬, ì¹´ë©”ë¼ ì‚¬ìš©ë¶ˆê°€ í•´ê²°ë°©ë²•",ì§€ì› ì œë„,ì—…ë¬´ ì§€ì›,https://www.notion.so/flexnotion/Windows-49ef0216b5964cd1a00637f80a1014f5?pvs=25,"ERROR: TimeoutError: Page.goto: Timeout 30000ms exceeded.
Call log:
  - navigating to ""https://www.notion.so/flexnotion/Windows-49ef0216b5964cd1a00637f80a1014f5?pvs=25"", waiting until ""networkidle""
 for https://www.notion.so/flexnotion/Windows-49ef0216b5964cd1a00637f80a1014f5?pvs=25"
ì‚¬ì›ì¦ ì¬ë°œê¸‰ ë°©ë²•,ì§€ì› ì œë„,ì—…ë¬´ ì§€ì›,https://www.notion.so/flexnotion/2dd415d26b0c4673b093992f81d07627?pvs=25,"ERROR: TimeoutError: Page.goto: Timeout 30000ms exceeded.
Call log:
  - navigating to ""https://www.notion.so/flexnotion/2dd415d26b0c4673b093992f81d07627?pvs=25"", waiting until ""networkidle""
 for https://www.notion.so/flexnotion/2dd415d26b0c4673b093992f81d07627?pvs=25"
ì¥ê¸°íœ´ê°€/íœ´ì§ êµ¬ì„±ì› ì§€ê¸‰í’ˆ ê´€ë¦¬,ì§€ì› ì œë„,ì—…ë¬´ ì§€ì›,https://www.notion.so/flexnotion/1220592a4a9280159696d837f62c92f6?source=copy_link,"ERROR: TimeoutError: Page.goto: Timeout 30000ms exceeded.
Call log:
  - navigating to ""https://www.notion.so/flexnotion/1220592a4a9280159696d837f62c92f6?source=copy_link"", waiting until ""networkidle""
 for https://www.notion.so/flexnotion/1220592a4a9280159696d837f62c92f6?source=copy_link"
"ì‚¬ì›ì¦(ì¹´ë“œ, ëª¨ë°”ì¼) ì‚¬ìš© ì•ˆë‚´",ì§€ì› ì œë„,ì—…ë¬´ ì§€ì›,https://www.notion.so/flexnotion/e4207a04b5cd4353870591e797846587?pvs=25,"ERROR: TimeoutError: Page.goto: Timeout 30000ms exceeded.
Call log:
  - navigating to ""https://www.notion.so/flexnotion/e4207a04b5cd4353870591e797846587?pvs=25"", waiting until ""networkidle""
 for https://www.notion.so/flexnotion/e4207a04b5cd4353870591e797846587?pvs=25"
ë³µí•©ê¸° ë“±ë¡/ì´ìš© ì•ˆë‚´,ì§€ì› ì œë„,ì—…ë¬´ ì§€ì›,https://www.notion.so/flexnotion/8bc8b128140043c6b8175390700c4c0f?pvs=25,"ERROR: TimeoutError: Page.goto: Timeout 30000ms exceeded.
Call log:
  - navigating to ""https://www.notion.so/flexnotion/8bc8b128140043c6b8175390700c4c0f?pvs=25"", waiting until ""networkidle""
 for https://www.notion.so/flexnotion/8bc8b128140043c6b8175390700c4c0f?pvs=25"
"ì—…ë¬´ìš© ì†Œëª¨í’ˆ ì‹ ì²­ ë°©ë²•(IT, ì‚¬ë¬´ì¼ë°˜)",ì§€ì› ì œë„,ì—…ë¬´ ì§€ì›,https://www.notion.so/flexnotion/IT-a17755b150b44ae096bd007d249d6e61?source=copy_link,"ERROR: TimeoutError: Page.goto: Timeout 30000ms exceeded.
Call log:
  - navigating to ""https://www.notion.so/flexnotion/IT-a17755b150b44ae096bd007d249d6e61?source=copy_link"", waiting until ""networkidle""
 for https://www.notion.so/flexnotion/IT-a17755b150b44ae096bd007d249d6e61?source=copy_link"
"[IT] ì†Œí”„íŠ¸ì›¨ì–´(ê³„ì •, ê¶Œí•œ) ì‹ ì²­ ë°©ë²•",ì§€ì› ì œë„,ì—…ë¬´ ì§€ì›,https://www.notion.so/flexnotion/358a535c15304e2b96b26f7a845815c8?pvs=25,"ERROR: TimeoutError: Page.goto: Timeout 30000ms exceeded.
Call log:
  - navigating to ""https://www.notion.so/flexnotion/358a535c15304e2b96b26f7a845815c8?pvs=25"", waiting until ""networkidle""
 for https://www.notion.so/flexnotion/358a535c15304e2b96b26f7a845815c8?pvs=25"
ì™€ì´íŒŒì´(Wifi) ì‚¬ìš© ê°€ì´ë“œ_v2,ì§€ì› ì œë„,ì—…ë¬´ ì§€ì›,https://www.notion.so/flexnotion/Wifi-_v2-16d0592a4a928085bfc8c40655946b6e?pvs=25,"ERROR: TimeoutError: Page.goto: Timeout 30000ms exceeded.
Call log:
  - navigating to ""https://www.notion.so/flexnotion/Wifi-_v2-16d0592a4a928085bfc8c40655946b6e?pvs=25"", waiting until ""networkidle""
 for https://www.notion.so/flexnotion/Wifi-_v2-16d0592a4a928085bfc8c40655946b6e?pvs=25"
[IT] êµ¬ê¸€ ì´ë©”ì¼ ì„œëª… ë“±ë¡ ê°€ì´ë“œ,ì§€ì› ì œë„,ì—…ë¬´ ì§€ì›,https://www.notion.so/flexnotion/d0bf3f41d4694bbbbfd5ced096044af6?pvs=25,"ERROR: TimeoutError: Page.goto: Timeout 30000ms exceeded.
Call log:
  - navigating to ""https://www.notion.so/flexnotion/d0bf3f41d4694bbbbfd5ced096044af6?pvs=25"", waiting until ""networkidle""
 for https://www.notion.so/flexnotion/d0bf3f41d4694bbbbfd5ced096044af6?pvs=25"
í”„ë¡œí•„ ì„¤ì • ì•ˆë‚´,ì§€ì› ì œë„,ì—…ë¬´ ì§€ì›,https://www.notion.so/flexnotion/cf88b1a9b35942fcb57cb5b23c232c10?source=copy_link,"ERROR: TimeoutError: Page.goto: Timeout 30000ms exceeded.
Call log:
  - navigating to ""https://www.notion.so/flexnotion/cf88b1a9b35942fcb57cb5b23c232c10?source=copy_link"", waiting until ""networkidle""
 for https://www.notion.so/flexnotion/cf88b1a9b35942fcb57cb5b23c232c10?source=copy_link"
[IT] Slack í™œìš© ì•ˆë‚´,ì§€ì› ì œë„,ì—…ë¬´ ì§€ì›,https://www.notion.so/flexnotion/IT-Slack-4ace761b2a7a4306bdd5d540944a980e?pvs=25,"ERROR: TimeoutError: Page.goto: Timeout 30000ms exceeded.
Call log:
  - navigating to ""https://www.notion.so/flexnotion/IT-Slack-4ace761b2a7a4306bdd5d540944a980e?pvs=25"", waiting until ""networkidle""
 for https://www.notion.so/flexnotion/IT-Slack-4ace761b2a7a4306bdd5d540944a980e?pvs=25"
ì™¸ê·¼/ì•¼ê·¼ êµí†µë¹„(íƒì‹œ) ì§€ì›,ì§€ì› ì œë„,ì—…ë¬´ ì§€ì›,https://www.notion.so/flexnotion/70f851d130d04ecfa64799f8c97b2806?pvs=25,"ERROR: TimeoutError: Page.goto: Timeout 30000ms exceeded.
Call log:
  - navigating to ""https://www.notion.so/flexnotion/70f851d130d04ecfa64799f8c97b2806?pvs=25"", waiting until ""networkidle""
 for https://www.notion.so/flexnotion/70f851d130d04ecfa64799f8c97b2806?pvs=25"
ì¶œì¥ ì§€ì›,ì§€ì› ì œë„,ì—…ë¬´ ì§€ì›,https://www.notion.so/flexnotion/ba4a75198d9941689da4527511e19f55?pvs=25,"ERROR: TimeoutError: Page.goto: Timeout 30000ms exceeded.
Call log:
  - navigating to ""https://www.notion.so/flexnotion/ba4a75198d9941689da4527511e19f55?pvs=25"", waiting until ""networkidle""
 for https://www.notion.so/flexnotion/ba4a75198d9941689da4527511e19f55?pvs=25"
ì‚¬ë‚´ ë„ì„œê´€/ ë„ì„œ ì§€ì› ì•ˆë‚´,ì§€ì› ì œë„,ì—…ë¬´ ì§€ì›,https://www.notion.so/flexnotion/e037dcd8e54f47afbbfab344b661caa4?pvs=25,"ERROR: TimeoutError: Page.goto: Timeout 30000ms exceeded.
Call log:
  - navigating to ""https://www.notion.so/flexnotion/e037dcd8e54f47afbbfab344b661caa4?pvs=25"", waiting until ""networkidle""
 for https://www.notion.so/flexnotion/e037dcd8e54f47afbbfab344b661caa4?pvs=25"
í€µì„œë¹„ìŠ¤ ì‚¬ìš© ì•ˆë‚´,ì§€ì› ì œë„,ì—…ë¬´ ì§€ì›,https://www.notion.so/flexnotion/fc6dee10649d4b2f9e5c9fb2b8c2c5fe?pvs=25,"ERROR: TimeoutError: Page.goto: Timeout 30000ms exceeded.
Call log:
  - navigating to ""https://www.notion.so/flexnotion/fc6dee10649d4b2f9e5c9fb2b8c2c5fe?pvs=25"", waiting until ""networkidle""
 for https://www.notion.so/flexnotion/fc6dee10649d4b2f9e5c9fb2b8c2c5fe?pvs=25"
ëª…í•¨ì‹ ì²­ ì•ˆë‚´,ì§€ì› ì œë„,ì—…ë¬´ ì§€ì›,https://www.notion.so/flexnotion/9f102f85eaeb404a85219f75e30cbe80?pvs=25,"ERROR: TimeoutError: Page.goto: Timeout 30000ms exceeded.
Call log:
  - navigating to ""https://www.notion.so/flexnotion/9f102f85eaeb404a85219f75e30cbe80?pvs=25"", waiting until ""networkidle""
 for https://www.notion.so/flexnotion/9f102f85eaeb404a85219f75e30cbe80?pvs=25"
ë²•ì¸ì°¨ëŸ‰ ì´ìš© ì•ˆë‚´,ì§€ì› ì œë„,ì—…ë¬´ ì§€ì›,https://www.notion.so/flexnotion/880d0b885fba4ff0a1bea801ff9d4437?pvs=25,"ERROR: TimeoutError: Page.goto: Timeout 30000ms exceeded.
Call log:
  - navigating to ""https://www.notion.so/flexnotion/880d0b885fba4ff0a1bea801ff9d4437?pvs=25"", waiting until ""networkidle""
 for https://www.notion.so/flexnotion/880d0b885fba4ff0a1bea801ff9d4437?pvs=25"
flex Team ì›”ê°„ ìš´ì˜ ë¹„ìš© ê³µìœ ,ì§€ì› ì œë„,ì—…ë¬´ ì§€ì›,https://www.notion.so/flexnotion/flex-Team-95c7303c6f7b4a35a1f534cdb69e43e5?pvs=25,"ERROR: TimeoutError: Page.goto: Timeout 30000ms exceeded.
Call log:
  - navigating to ""https://www.notion.so/flexnotion/flex-Team-95c7303c6f7b4a35a1f534cdb69e43e5?pvs=25"", waiting until ""networkidle""
 for https://www.notion.so/flexnotion/flex-Team-95c7303c6f7b4a35a1f534cdb69e43e5?pvs=25"
ìš°ë¦¬íŒ€ì˜ 1on1 Ground Rule ğŸ˜,ì„±ì¥ ë° ë°œì „,ì„±ê³¼/ì„±ì¥,https://www.notion.so/flexnotion/1on1-Ground-Rule-1c10592a4a9280c9ab49ef141ebb2fbb?source=copy_link,"ERROR: TimeoutError: Page.goto: Timeout 30000ms exceeded.
Call log:
  - navigating to ""https://www.notion.so/flexnotion/1on1-Ground-Rule-1c10592a4a9280c9ab49ef141ebb2fbb?source=copy_link"", waiting until ""networkidle""
 for https://www.notion.so/flexnotion/1on1-Ground-Rule-1c10592a4a9280c9ab49ef141ebb2fbb?source=copy_link"
ìš°ë¦¬íŒ€ì˜ â€œJob Levelâ€,ì„±ì¥ ë° ë°œì „,ì„±ê³¼/ì„±ì¥,https://www.notion.so/flexnotion/Job-Level-229b6389ca974e51a283fdffcbd04433?pvs=25,"ERROR: TimeoutError: Page.goto: Timeout 30000ms exceeded.
Call log:
  - navigating to ""https://www.notion.so/flexnotion/Job-Level-229b6389ca974e51a283fdffcbd04433?pvs=25"", waiting until ""networkidle""
 for https://www.notion.so/flexnotion/Job-Level-229b6389ca974e51a283fdffcbd04433?pvs=25"
ì´ ë³´ìƒ í”„ë ˆì„ì›Œí¬ ë° 2025ë…„ ì´ ë³´ìƒ ì¡°ì • ì•ˆë‚´,ì„±ì¥ ë° ë°œì „,ì„±ê³¼/ì„±ì¥,https://www.notion.so/flexnotion/2025-17b0592a4a928019bc1cc18a38bdc243?pvs=25,"ERROR: TimeoutError: Page.goto: Timeout 30000ms exceeded.
Call log:
  - navigating to ""https://www.notion.so/flexnotion/2025-17b0592a4a928019bc1cc18a38bdc243?pvs=25"", waiting until ""networkidle""
 for https://www.notion.so/flexnotion/2025-17b0592a4a928019bc1cc18a38bdc243?pvs=25"
ì£¼ì‹ë§¤ìˆ˜ì„ íƒê¶Œ í–‰ì‚¬,ì„±ì¥ ë° ë°œì „,ì„±ê³¼/ì„±ì¥,https://www.notion.so/flexnotion/17de7c91425b4573b9b47fc9e89c3475?pvs=25,"ERROR: Error: Page.goto: net::ERR_NETWORK_CHANGED at https://www.notion.so/flexnotion/17de7c91425b4573b9b47fc9e89c3475?pvs=25
Call log:
  - navigating to ""https://www.notion.so/flexnotion/17de7c91425b4573b9b47fc9e89c3475?pvs=25"", waiting until ""networkidle""
 for https://www.notion.so/flexnotion/17de7c91425b4573b9b47fc9e89c3475?pvs=25"
êµ¬ì„±ì›ì˜ ì„±ê³¼ í–¥ìƒì„ ë•ëŠ” í”„ë¡œê·¸ë¨ ì•ˆë‚´,ì„±ì¥ ë° ë°œì „,ì„±ê³¼/ì„±ì¥,https://www.notion.so/flexnotion/9df5a2d1b7c945e78fe439f59fbb90fd?source=copy_link,"ERROR: Error: Page.goto: net::ERR_INTERNET_DISCONNECTED at https://www.notion.so/flexnotion/9df5a2d1b7c945e78fe439f59fbb90fd?source=copy_link
Call log:
  - navigating to ""https://www.notion.so/flexnotion/9df5a2d1b7c945e78fe439f59fbb90fd?source=copy_link"", waiting until ""networkidle""
 for https://www.notion.so/flexnotion/9df5a2d1b7c945e78fe439f59fbb90fd?source=copy_link"
2025 Leadership Session,ì¡°ì§ì›ì¹™ ë° ë¦¬ë”ì‹­,ë¦¬ë”ì‹­,https://www.notion.so/flexnotion/2025-Leadership-Session-1bd0592a4a9280879845eb860538231e?pvs=25,"ERROR: Error: Page.goto: net::ERR_INTERNET_DISCONNECTED at https://www.notion.so/flexnotion/2025-Leadership-Session-1bd0592a4a9280879845eb860538231e?pvs=25
Call log:
  - navigating to ""https://www.notion.so/flexnotion/2025-Leadership-Session-1bd0592a4a9280879845eb860538231e?pvs=25"", waiting until ""networkidle""
 for https://www.notion.so/flexnotion/2025-Leadership-Session-1bd0592a4a9280879845eb860538231e?pvs=25"
2025 Leadership Journey,ì¡°ì§ì›ì¹™ ë° ë¦¬ë”ì‹­,ë¦¬ë”ì‹­,https://www.notion.so/flexnotion/2025-Leadership-Journey-1e00592a4a9280948493c16f1bb1c000?pvs=25,"ERROR: Error: Page.goto: net::ERR_INTERNET_DISCONNECTED at https://www.notion.so/flexnotion/2025-Leadership-Journey-1e00592a4a9280948493c16f1bb1c000?pvs=25
Call log:
  - navigating to ""https://www.notion.so/flexnotion/2025-Leadership-Journey-1e00592a4a9280948493c16f1bb1c000?pvs=25"", waiting until ""networkidle""
 for https://www.notion.so/flexnotion/2025-Leadership-Journey-1e00592a4a9280948493c16f1bb1c000?pvs=25"
Lead Standards ì‹¤ì²œ ì„ ì–¸ë¬¸(25â€™1Q),ì¡°ì§ì›ì¹™ ë° ë¦¬ë”ì‹­,ë¦¬ë”ì‹­,https://www.notion.so/flexnotion/Lead-Standards-25-1Q-1930592a4a9280d08158fe3d581a4e7f?source=copy_link,"ERROR: Error: Page.goto: net::ERR_INTERNET_DISCONNECTED at https://www.notion.so/flexnotion/Lead-Standards-25-1Q-1930592a4a9280d08158fe3d581a4e7f?source=copy_link
Call log:
  - navigating to ""https://www.notion.so/flexnotion/Lead-Standards-25-1Q-1930592a4a9280d08158fe3d581a4e7f?source=copy_link"", waiting until ""networkidle""
 for https://www.notion.so/flexnotion/Lead-Standards-25-1Q-1930592a4a9280d08158fe3d581a4e7f?source=copy_link"
ë¦¬ë”ì‹­ ì½˜í…ì¸  ëª¨ìŒ.zip,ì¡°ì§ì›ì¹™ ë° ë¦¬ë”ì‹­,ë¦¬ë”ì‹­,https://www.notion.so/flexnotion/zip-1930592a4a9280dea66fd41e27741279?pvs=25,"ERROR: Error: Page.goto: net::ERR_INTERNET_DISCONNECTED at https://www.notion.so/flexnotion/zip-1930592a4a9280dea66fd41e27741279?pvs=25
Call log:
  - navigating to ""https://www.notion.so/flexnotion/zip-1930592a4a9280dea66fd41e27741279?pvs=25"", waiting until ""networkidle""
 for https://www.notion.so/flexnotion/zip-1930592a4a9280dea66fd41e27741279?pvs=25"
ë¦¬ë”ì‹­ì˜ ì˜ë¯¸,ì¡°ì§ì›ì¹™ ë° ë¦¬ë”ì‹­,ë¦¬ë”ì‹­,https://www.notion.so/flexnotion/222939e60d5f459499fead4e077eab95?pvs=25,"ERROR: Error: Page.goto: net::ERR_INTERNET_DISCONNECTED at https://www.notion.so/flexnotion/222939e60d5f459499fead4e077eab95?pvs=25
Call log:
  - navigating to ""https://www.notion.so/flexnotion/222939e60d5f459499fead4e077eab95?pvs=25"", waiting until ""networkidle""
 for https://www.notion.so/flexnotion/222939e60d5f459499fead4e077eab95?pvs=25"
CFR ëŒ€í™”,ì¡°ì§ì›ì¹™ ë° ë¦¬ë”ì‹­,ë¦¬ë”ì‹­,https://www.notion.so/flexnotion/CFR-0f52bfbf2b6f416bac2185f6219b0269?source=copy_link,"ERROR: Error: Page.goto: net::ERR_INTERNET_DISCONNECTED at https://www.notion.so/flexnotion/CFR-0f52bfbf2b6f416bac2185f6219b0269?source=copy_link
Call log:
  - navigating to ""https://www.notion.so/flexnotion/CFR-0f52bfbf2b6f416bac2185f6219b0269?source=copy_link"", waiting until ""networkidle""
 for https://www.notion.so/flexnotion/CFR-0f52bfbf2b6f416bac2185f6219b0269?source=copy_link"
ë™ê¸°ë¶€ì—¬ 1 on 1 ë¯¸íŒ… Tips,ì¡°ì§ì›ì¹™ ë° ë¦¬ë”ì‹­,ë¦¬ë”ì‹­,https://www.notion.so/flexnotion/1-on-1-Tips-fe64ba806af64dbb87a33844b7cf2537?pvs=25,"ERROR: Error: Page.goto: net::ERR_INTERNET_DISCONNECTED at https://www.notion.so/flexnotion/1-on-1-Tips-fe64ba806af64dbb87a33844b7cf2537?pvs=25
Call log:
  - navigating to ""https://www.notion.so/flexnotion/1-on-1-Tips-fe64ba806af64dbb87a33844b7cf2537?pvs=25"", waiting until ""networkidle""
 for https://www.notion.so/flexnotion/1-on-1-Tips-fe64ba806af64dbb87a33844b7cf2537?pvs=25"
ì¶”ì²œ ë„ì„œ,ì¡°ì§ì›ì¹™ ë° ë¦¬ë”ì‹­,ë¦¬ë”ì‹­,https://www.notion.so/flexnotion/5cd30f43efc04de9a17b27bf65ff3a66?v=3defa10d74654dd78b3f15397c719b9b&pvs=25,"ERROR: Error: Page.goto: net::ERR_INTERNET_DISCONNECTED at https://www.notion.so/flexnotion/5cd30f43efc04de9a17b27bf65ff3a66?v=3defa10d74654dd78b3f15397c719b9b&pvs=25
Call log:
  - navigating to ""https://www.notion.so/flexnotion/5cd30f43efc04de9a17b27bf65ff3a66?v=3defa10d74654dd78b3f15397c719b9b&pvs=25"", waiting until ""networkidle""
 for https://www.notion.so/flexnotion/5cd30f43efc04de9a17b27bf65ff3a66?v=3defa10d74654dd78b3f15397c719b9b&pvs=25"
í‡´ì§ / í‡´ì‚¬ (Offboarding / ì˜¤í”„ë³´ë”©),êµ¬ì„±ì› ì—¬ì •,ì˜¤í”„ë³´ë”©,https://www.notion.so/flexnotion/Offboarding-30797371470a4f4b9bd9e6dbb16ef862?source=copy_link,"ERROR: Error: Page.goto: net::ERR_INTERNET_DISCONNECTED at https://www.notion.so/flexnotion/Offboarding-30797371470a4f4b9bd9e6dbb16ef862?source=copy_link
Call log:
  - navigating to ""https://www.notion.so/flexnotion/Offboarding-30797371470a4f4b9bd9e6dbb16ef862?source=copy_link"", waiting until ""networkidle""
 for https://www.notion.so/flexnotion/Offboarding-30797371470a4f4b9bd9e6dbb16ef862?source=copy_link"
í”Œë ‰ìŠ¤íŒ€ìš© ê°œì¸ì •ë³´ ì²˜ë¦¬ë°©ì¹¨,êµ¬ì„±ì› ì—¬ì •,êµ¬ì„±ì›ì„ ìœ„í•œ ê°œì¸ì •ë³´ ì²˜ë¦¬ë°©ì¹¨,https://www.notion.so/flexnotion/9feaa6c367ff48ebaa7a38cfeb0aace2?pvs=25,"ERROR: Error: Page.goto: net::ERR_INTERNET_DISCONNECTED at https://www.notion.so/flexnotion/9feaa6c367ff48ebaa7a38cfeb0aace2?pvs=25
Call log:
  - navigating to ""https://www.notion.so/flexnotion/9feaa6c367ff48ebaa7a38cfeb0aace2?pvs=25"", waiting until ""networkidle""
 for https://www.notion.so/flexnotion/9feaa6c367ff48ebaa7a38cfeb0aace2?pvs=25"
How We DO,ì¡°ì§ì›ì¹™ ë° ë¦¬ë”ì‹­,ì›ì¹™/ ì² í•™,https://www.notion.so/flexnotion/How-We-DO-e0a72350a958459fabd0d91ce03ff242,"ERROR: Error: Page.goto: net::ERR_INTERNET_DISCONNECTED at https://www.notion.so/flexnotion/How-We-DO-e0a72350a958459fabd0d91ce03ff242
Call log:
  - navigating to ""https://www.notion.so/flexnotion/How-We-DO-e0a72350a958459fabd0d91ce03ff242"", waiting until ""networkidle""
 for https://www.notion.so/flexnotion/How-We-DO-e0a72350a958459fabd0d91ce03ff242"
flex WOW(Way Of Working): 8 Standards in Action,ì¡°ì§ì›ì¹™ ë° ë¦¬ë”ì‹­,ë¬¸í™”/ íŒ€ë¹Œë”©,https://www.notion.so/flexnotion/flex-WOW-Way-Of-Working-8Standards-in-Action-2640592a4a928064a4becbe9f99f76df,"ERROR: Error: Page.goto: net::ERR_INTERNET_DISCONNECTED at https://www.notion.so/flexnotion/flex-WOW-Way-Of-Working-8Standards-in-Action-2640592a4a928064a4becbe9f99f76df
Call log:
  - navigating to ""https://www.notion.so/flexnotion/flex-WOW-Way-Of-Working-8Standards-in-Action-2640592a4a928064a4becbe9f99f76df"", waiting until ""networkidle""
 for https://www.notion.so/flexnotion/flex-WOW-Way-Of-Working-8Standards-in-Action-2640592a4a928064a4becbe9f99f76df"
Dive depp_ì›íŒ€ DNA,ì¡°ì§ì›ì¹™ ë° ë¦¬ë”ì‹­,ë¬¸í™”/ íŒ€ë¹Œë”©,https://www.notion.so/flexnotion/Dive-deep_-DNA-2640592a4a9281189c26c6c0eef3dd08,"ERROR: Error: Page.goto: net::ERR_INTERNET_DISCONNECTED at https://www.notion.so/flexnotion/Dive-deep_-DNA-2640592a4a9281189c26c6c0eef3dd08
Call log:
  - navigating to ""https://www.notion.so/flexnotion/Dive-deep_-DNA-2640592a4a9281189c26c6c0eef3dd08"", waiting until ""networkidle""
 for https://www.notion.so/flexnotion/Dive-deep_-DNA-2640592a4a9281189c26c6c0eef3dd08"
Why We DO,ì¡°ì§ì›ì¹™ ë° ë¦¬ë”ì‹­,ì›ì¹™/ ì² í•™,https://www.notion.so/flexnotion/Why-We-DO-515ef8f237f74c3cb1d67a051cd49cb7,"ERROR: Error: Page.goto: net::ERR_INTERNET_DISCONNECTED at https://www.notion.so/flexnotion/Why-We-DO-515ef8f237f74c3cb1d67a051cd49cb7
Call log:
  - navigating to ""https://www.notion.so/flexnotion/Why-We-DO-515ef8f237f74c3cb1d67a051cd49cb7"", waiting until ""networkidle""
 for https://www.notion.so/flexnotion/Why-We-DO-515ef8f237f74c3cb1d67a051cd49cb7"
Why flex?,ì¡°ì§ì›ì¹™ ë° ë¦¬ë”ì‹­,ì›ì¹™/ ì² í•™,https://www.notion.so/flexnotion/Why-flex-2110592a4a9280c9a9f4c236dd0deb3d,"ERROR: Error: Page.goto: net::ERR_INTERNET_DISCONNECTED at https://www.notion.so/flexnotion/Why-flex-2110592a4a9280c9a9f4c236dd0deb3d
Call log:
  - navigating to ""https://www.notion.so/flexnotion/Why-flex-2110592a4a9280c9a9f4c236dd0deb3d"", waiting until ""networkidle""
 for https://www.notion.so/flexnotion/Why-flex-2110592a4a9280c9a9f4c236dd0deb3d"
Team Monthly Letter,ì¡°ì§ì›ì¹™ ë° ë¦¬ë”ì‹­,ë¬¸í™”/ íŒ€ë¹Œë”©,https://www.notion.so/flexnotion/Team-Monthly-Letter-1990592a4a9280cd8c59fb91dbb9f633,"ERROR: Error: Page.goto: net::ERR_INTERNET_DISCONNECTED at https://www.notion.so/flexnotion/Team-Monthly-Letter-1990592a4a9280cd8c59fb91dbb9f633
Call log:
  - navigating to ""https://www.notion.so/flexnotion/Team-Monthly-Letter-1990592a4a9280cd8c59fb91dbb9f633"", waiting until ""networkidle""
 for https://www.notion.so/flexnotion/Team-Monthly-Letter-1990592a4a9280cd8c59fb91dbb9f633"
